panel,model,probability,decile,mean_predicted,observed_fraction,threshold,net_benefit_raw,net_benefit_platt,treat_all,treat_none
a_calibration,Logistic,raw,1.0,0.058197810176314285,0.0035211267605633804,,,,,
a_calibration,Logistic,raw,2.0,0.126966371143273,0.028268551236749116,,,,,
a_calibration,Logistic,raw,3.0,0.18981401600665068,0.045936395759717315,,,,,
a_calibration,Logistic,raw,4.0,0.25905060403543895,0.06007067137809187,,,,,
a_calibration,Logistic,raw,5.0,0.33161650223721806,0.06007067137809187,,,,,
a_calibration,Logistic,raw,6.0,0.4033760849379978,0.10954063604240283,,,,,
a_calibration,Logistic,raw,7.0,0.4853507100283882,0.13780918727915195,,,,,
a_calibration,Logistic,raw,8.0,0.5910851545966133,0.2049469964664311,,,,,
a_calibration,Logistic,raw,9.0,0.707242591536646,0.2791519434628975,,,,,
a_calibration,Logistic,raw,10.0,0.866605544130987,0.4471830985915493,,,,,
a_calibration,Logistic,platt,1.0,0.014893179752476686,0.0035211267605633804,,,,,
a_calibration,Logistic,platt,2.0,0.0304343876351693,0.028268551236749116,,,,,
a_calibration,Logistic,platt,3.0,0.045071197247811105,0.045936395759717315,,,,,
a_calibration,Logistic,platt,4.0,0.06247150828775578,0.05653710247349823,,,,,
a_calibration,Logistic,platt,5.0,0.08247737691452034,0.0636042402826855,,,,,
a_calibration,Logistic,platt,6.0,0.10528850719292368,0.10247349823321555,,,,,
a_calibration,Logistic,platt,7.0,0.1358925382306112,0.14487632508833923,,,,,
a_calibration,Logistic,platt,8.0,0.18587238813892917,0.20141342756183744,,,,,
a_calibration,Logistic,platt,9.0,0.26421341998942904,0.2826855123674912,,,,,
a_calibration,Logistic,platt,10.0,0.480425621129623,0.4471830985915493,,,,,
a_calibration,RandomForest,raw,1.0,0.043408849171743646,0.0035211267605633804,,,,,
a_calibration,RandomForest,raw,2.0,0.0915739123913372,0.038869257950530034,,,,,
a_calibration,RandomForest,raw,3.0,0.13463671100624344,0.045936395759717315,,,,,
a_calibration,RandomForest,raw,4.0,0.1784163587970831,0.053003533568904596,,,,,
a_calibration,RandomForest,raw,5.0,0.22669084467732203,0.06713780918727916,,,,,
a_calibration,RandomForest,raw,6.0,0.2804705561951177,0.06713780918727916,,,,,
a_calibration,RandomForest,raw,7.0,0.3468387126848756,0.13780918727915195,,,,,
a_calibration,RandomForest,raw,8.0,0.4215044588574868,0.21908127208480566,,,,,
a_calibration,RandomForest,raw,9.0,0.5189009976635462,0.28975265017667845,,,,,
a_calibration,RandomForest,raw,10.0,0.6669770181776447,0.45422535211267606,,,,,
a_calibration,RandomForest,platt,1.0,0.027620517639362678,0.0035211267605633804,,,,,
a_calibration,RandomForest,platt,2.0,0.036028376183229086,0.045936395759717315,,,,,
a_calibration,RandomForest,platt,3.0,0.0451893056074304,0.0353356890459364,,,,,
a_calibration,RandomForest,platt,4.0,0.05752482317155273,0.0636042402826855,,,,,
a_calibration,RandomForest,platt,5.0,0.07354567297028254,0.053003533568904596,,,,,
a_calibration,RandomForest,platt,6.0,0.09757969502845107,0.08833922261484099,,,,,
a_calibration,RandomForest,platt,7.0,0.13287763963721425,0.1413427561837456,,,,,
a_calibration,RandomForest,platt,8.0,0.19105147438687398,0.20848056537102475,,,,,
a_calibration,RandomForest,platt,9.0,0.28736913456608437,0.2756183745583039,,,,,
a_calibration,RandomForest,platt,10.0,0.4805322958969671,0.4612676056338028,,,,,
a_calibration,XGBoost,raw,1.0,0.08925631523630778,0.007042253521126761,,,,,
a_calibration,XGBoost,raw,2.0,0.1549779853846075,0.024734982332155476,,,,,
a_calibration,XGBoost,raw,3.0,0.21759511551461033,0.03180212014134275,,,,,
a_calibration,XGBoost,raw,4.0,0.2804212630216309,0.07420494699646643,,,,,
a_calibration,XGBoost,raw,5.0,0.34535337400099414,0.05653710247349823,,,,,
a_calibration,XGBoost,raw,6.0,0.41996021710941733,0.08833922261484099,,,,,
a_calibration,XGBoost,raw,7.0,0.4917529870890897,0.11307420494699646,,,,,
a_calibration,XGBoost,raw,8.0,0.572321203698539,0.21908127208480566,,,,,
a_calibration,XGBoost,raw,9.0,0.6711625998095995,0.30742049469964666,,,,,
a_calibration,XGBoost,raw,10.0,0.803634804319328,0.45422535211267606,,,,,
a_calibration,XGBoost,platt,1.0,0.019026560781150278,0.007042253521126761,,,,,
a_calibration,XGBoost,platt,2.0,0.026513979289141048,0.024734982332155476,,,,,
a_calibration,XGBoost,platt,3.0,0.03656017694593423,0.028268551236749116,,,,,
a_calibration,XGBoost,platt,4.0,0.050516199905838347,0.0706713780918728,,,,,
a_calibration,XGBoost,platt,5.0,0.07061264430876328,0.05653710247349823,,,,,
a_calibration,XGBoost,platt,6.0,0.10086100068762276,0.0989399293286219,,,,,
a_calibration,XGBoost,platt,7.0,0.14244890041944516,0.10954063604240283,,,,,
a_calibration,XGBoost,platt,8.0,0.2028772720877674,0.2049469964664311,,,,,
a_calibration,XGBoost,platt,9.0,0.3026315800748541,0.3215547703180212,,,,,
a_calibration,XGBoost,platt,10.0,0.4674947498016924,0.45422535211267606,,,,,
b_decision_curve,Logistic,,,,,0.01,0.12903041716601038,0.1292372881355932,0.12900188323917136,0.0
b_decision_curve,Logistic,,,,,0.02,0.1202294477112879,0.12169232099619508,0.12011414735385678,0.0
b_decision_curve,Logistic,,,,,0.03,0.1115455180849205,0.11344574523851127,0.11104315918224707,0.0
b_decision_curve,Logistic,,,,,0.04,0.1029160781544256,0.1071680790960452,0.10178319209039546,0.0
b_decision_curve,Logistic,,,,,0.05,0.09418673803151946,0.10011522450193279,0.09232827832292595,0.0
b_decision_curve,Logistic,,,,,0.06,0.0858050847457627,0.09409935088351966,0.08267219617742516,0.0
b_decision_curve,Logistic,,,,,0.07,0.0775924913431748,0.08799586902375311,0.07280845635137598,0.0
b_decision_curve,Logistic,,,,,0.08,0.06948538442643086,0.08247359371161876,0.06273028739867353,0.0
b_decision_curve,Logistic,,,,,0.09,0.06158036878375862,0.07928617992177314,0.052430620227230385,0.0
b_decision_curve,Logistic,,,,,0.1,0.05320150659133711,0.07603578154425614,0.041902071563088505,0.0
b_decision_curve,Logistic,,,,,0.11,0.04504300768107663,0.0712919761315305,0.031136926299752413,0.0
b_decision_curve,Logistic,,,,,0.12,0.03683551617873652,0.067090395480226,0.020127118644067785,0.0
b_decision_curve,Logistic,,,,,0.13,0.02832164426261445,0.0634253847652445,0.008864211961815693,0.0
b_decision_curve,Logistic,,,,,0.14,0.02123571147024041,0.06100545263434502,-0.0026606227828143703,0.0
b_decision_curve,Logistic,,,,,0.15,0.01483050847457625,0.056019441674975065,-0.01445663010967102,0.0
b_decision_curve,Logistic,,,,,0.16,0.008356873822975504,0.0532183212267958,-0.026533494753833764,0.0
b_decision_curve,Logistic,,,,,0.17,0.001403920767817007,0.04887771424681778,-0.03890136818460285,0.0
b_decision_curve,Logistic,,,,,0.18,-0.00596837536171975,0.045395824720959065,-0.05157089706490292,0.0
b_decision_curve,Logistic,,,,,0.19,-0.011704854572086212,0.04336245379089071,-0.06455325381879054,0.0
b_decision_curve,Logistic,,,,,0.2,-0.01844985875706215,0.04007768361581921,-0.07786016949152547,0.0
b_decision_curve,Logistic,,,,,0.21,-0.025070621468926572,0.03836801830794536,-0.09150396910534223,0.0
b_decision_curve,Logistic,,,,,0.22,-0.032196146602926266,0.03772816166883963,-0.10549760973489788,0.0
b_decision_curve,Logistic,,,,,0.23,-0.03807597769462179,0.03454031843862352,-0.1198547215496368,0.0
b_decision_curve,Logistic,,,,,0.24,-0.043710972346119537,0.03374962830805828,-0.13458965209634258,0.0
b_decision_curve,Logistic,,,,,0.25,-0.04955273069679849,0.03213276836158192,-0.14971751412429382,0.0
b_decision_curve,Logistic,,,,,0.26,-0.05453122614139566,0.02837265231333028,-0.16525423728813562,0.0
b_decision_curve,Logistic,,,,,0.27,-0.06143100379227616,0.02788580605216314,-0.1812166241003019,0.0
b_decision_curve,Logistic,,,,,0.28,-0.0674435028248588,0.024874450721908345,-0.1976224105461394,0.0
b_decision_curve,Logistic,,,,,0.29,-0.07264064613670729,0.02389691254873875,-0.2144903318214372,0.0
b_decision_curve,Logistic,,,,,0.3,-0.07743139628732851,0.02093422114608555,-0.2318401937046005,0.0
b_decision_curve,Logistic,,,,,0.31,-0.08148591664619673,0.019272496520101528,-0.24969295013510193,0.0
b_decision_curve,Logistic,,,,,0.32,-0.08738368228647392,0.019317048853439676,-0.2680707876370888,0.0
b_decision_curve,Logistic,,,,,0.33,-0.09368939202293618,0.019621173792056662,-0.28699721730331407,0.0
b_decision_curve,Logistic,,,,,0.34,-0.09766093134737204,0.019067796610169486,-0.3064971751412431,0.0
b_decision_curve,Logistic,,,,,0.35,-0.10001086484137338,0.01825293350717079,-0.32659713168187754,0.0
b_decision_curve,Logistic,,,,,0.36,-0.10317355225988704,0.017567090395480222,-0.347325211864407,0.0
b_decision_curve,Logistic,,,,,0.37,-0.1047271545152901,0.016237332974621113,-0.36871132633844506,0.0
b_decision_curve,Logistic,,,,,0.38,-0.10768634955349007,0.014568525605977763,-0.3907873154729361,0.0
b_decision_curve,Logistic,,,,,0.39,-0.10941696767620637,0.011774103917754932,-0.4135871075298695,0.0
b_decision_curve,Logistic,,,,,0.4,-0.11440677966101699,0.011181732580037662,-0.43714689265536744,0.0
b_decision_curve,Logistic,,,,,0.41,-0.11784808005362446,0.010569280857990998,-0.4615053145647804,0.0
b_decision_curve,Logistic,,,,,0.42,-0.1182300798753166,0.0097530683810637,-0.48670368205727665,0.0
b_decision_curve,Logistic,,,,,0.43,-0.12095475270096141,0.008796709287342651,-0.5127862027951233,0.0
b_decision_curve,Logistic,,,,,0.44,-0.12459644874899109,0.00834846650524617,-0.5398002421307506,0.0
b_decision_curve,Logistic,,,,,0.45,-0.12336286594761167,0.006388032871083722,-0.5677966101694916,0.0
b_decision_curve,Logistic,,,,,0.46,-0.12604624398409708,0.006473634651600754,-0.5968298807281859,0.0
b_decision_curve,Logistic,,,,,0.47,-0.12806470525530328,0.005809615179618377,-0.6269587464023025,0.0
b_decision_curve,Logistic,,,,,0.48,-0.13105714906562366,0.004671881790525857,-0.6582464146023469,0.0
b_decision_curve,Logistic,,,,,0.49,-0.13413232524648278,0.0031779661016949176,-0.690761050182785,0.0
b_decision_curve,Logistic,,,,,0.5,-0.1370056497175141,0.00211864406779661,-0.7245762711864407,0.0
b_decision_curve,Logistic,,,,,0.51,-0.1421653407125562,0.0021762942465121636,-0.7597717052922864,0.0
b_decision_curve,Logistic,,,,,0.52,-0.14642184557438792,0.002677730696798492,-0.7964336158192091,0.0
b_decision_curve,Logistic,,,,,0.53,-0.14702037504507756,0.0033207116239932664,-0.8346556076451499,0.0
b_decision_curve,Logistic,,,,,0.54,-0.14755281257676253,0.002855563743551951,-0.874539425202653,0.0
b_decision_curve,Logistic,,,,,0.55,-0.15077683615819212,0.004080351537978655,-0.9161958568738233,0.0
b_decision_curve,Logistic,,,,,0.56,-0.1568117616846431,0.0038520801232665605,-0.9597457627118646,0.0
b_decision_curve,Logistic,,,,,0.57,-0.15700959138089615,0.004532912889239257,-1.005321245565629,0.0
b_decision_curve,Logistic,,,,,0.58,-0.15782216841538885,0.0038841807909604496,-1.0530669895076679,0.0
b_decision_curve,Logistic,,,,,0.59,-0.16112029764365435,0.003410500206696984,-1.1031417941298058,0.0
b_decision_curve,RandomForest,,,,,0.01,0.12901971694344577,0.12900188323917136,0.12900188323917136,0.0
b_decision_curve,RandomForest,,,,,0.02,0.12031592297936124,0.12011414735385681,0.12011414735385678,0.0
b_decision_curve,RandomForest,,,,,0.03,0.11187314345622924,0.11343482439280096,0.11104315918224707,0.0
b_decision_curve,RandomForest,,,,,0.04,0.10348987758945385,0.10519656308851223,0.10178319209039546,0.0
b_decision_curve,RandomForest,,,,,0.05,0.09548765982753495,0.09892581028843293,0.09232827832292595,0.0
b_decision_curve,RandomForest,,,,,0.06,0.0873001562687823,0.09212345233802138,0.08267219617742516,0.0
b_decision_curve,RandomForest,,,,,0.07,0.0796503857602819,0.0884135228722435,0.07280845635137598,0.0
b_decision_curve,RandomForest,,,,,0.08,0.0722641857037583,0.08483787767133381,0.06273028739867353,0.0
b_decision_curve,RandomForest,,,,,0.09,0.06456043956043957,0.07959660396101075,0.052430620227230385,0.0
b_decision_curve,RandomForest,,,,,0.1,0.05708568738229757,0.07580037664783427,0.041902071563088505,0.0
b_decision_curve,RandomForest,,,,,0.11,0.05016108042912461,0.07294245540531963,0.031136926299752413,0.0
b_decision_curve,RandomForest,,,,,0.12,0.04418656908063688,0.0681176168464304,0.020127118644067785,0.0
b_decision_curve,RandomForest,,,,,0.13,0.0379326579648029,0.06492304695110072,0.008864211961815693,0.0
b_decision_curve,RandomForest,,,,,0.14,0.03131158849034291,0.06310767310471686,-0.0026606227828143703,0.0
b_decision_curve,RandomForest,,,,,0.15,0.026233798604187425,0.05886507145230973,-0.01445663010967102,0.0
b_decision_curve,RandomForest,,,,,0.16,0.021875840731772938,0.05479889695991391,-0.026533494753833764,0.0
b_decision_curve,RandomForest,,,,,0.17,0.017034238649513287,0.05313201960383908,-0.03890136818460285,0.0
b_decision_curve,RandomForest,,,,,0.18,0.0121951219512195,0.04979674796747967,-0.05157089706490292,0.0
b_decision_curve,RandomForest,,,,,0.19,0.006761351747227455,0.04714636953337519,-0.06455325381879054,0.0
b_decision_curve,RandomForest,,,,,0.2,0.0030896892655367233,0.0457274011299435,-0.07786016949152547,0.0
b_decision_curve,RandomForest,,,,,0.21,-0.0007866695272831437,0.04364674962454409,-0.09150396910534223,0.0
b_decision_curve,RandomForest,,,,,0.22,-0.002725264377806735,0.03893234825438215,-0.10549760973489788,0.0
b_decision_curve,RandomForest,,,,,0.23,-0.0060532687651331804,0.03727804681194511,-0.1198547215496368,0.0
b_decision_curve,RandomForest,,,,,0.24,-0.008920606601248878,0.03571959559916741,-0.13458965209634258,0.0
b_decision_curve,RandomForest,,,,,0.25,-0.011770244821092271,0.031191148775894538,-0.14971751412429382,0.0
b_decision_curve,RandomForest,,,,,0.26,-0.013494426630019863,0.0284394564055581,-0.16525423728813562,0.0
b_decision_curve,RandomForest,,,,,0.27,-0.01623326367928179,0.026376634935376515,-0.1812166241003019,0.0
b_decision_curve,RandomForest,,,,,0.28,-0.015713276836158214,0.024697897049591966,-0.1976224105461394,0.0
b_decision_curve,RandomForest,,,,,0.29,-0.01788414100421742,0.025060674783162245,-0.2144903318214372,0.0
b_decision_curve,RandomForest,,,,,0.3,-0.01871468926553674,0.021943099273607748,-0.2318401937046005,0.0
b_decision_curve,RandomForest,,,,,0.31,-0.020833333333333353,0.01901662163268648,-0.24969295013510193,0.0
b_decision_curve,RandomForest,,,,,0.32,-0.023533565968760398,0.019171651711532067,-0.2680707876370888,0.0
b_decision_curve,RandomForest,,,,,0.33,-0.0250179188801754,0.019025634539168557,-0.28699721730331407,0.0
b_decision_curve,RandomForest,,,,,0.34,-0.02790618044855336,0.016884951206985098,-0.3064971751412431,0.0
b_decision_curve,RandomForest,,,,,0.35,-0.030638852672751,0.016107127335940885,-0.32659713168187754,0.0
b_decision_curve,RandomForest,,,,,0.36,-0.03056585451977405,0.015713276836158183,-0.347325211864407,0.0
b_decision_curve,RandomForest,,,,,0.37,-0.029167787642363927,0.01321630347054076,-0.36871132633844506,0.0
b_decision_curve,RandomForest,,,,,0.38,-0.02847639876070712,0.01223346090759978,-0.3907873154729361,0.0
b_decision_curve,RandomForest,,,,,0.39,-0.028208067055663626,0.012613457441882003,-0.4135871075298695,0.0
b_decision_curve,RandomForest,,,,,0.4,-0.03283898305084748,0.011652542372881356,-0.43714689265536744,0.0
b_decision_curve,RandomForest,,,,,0.41,-0.035717705640141754,0.011233601455520438,-0.4615053145647804,0.0
b_decision_curve,RandomForest,,,,,0.42,-0.03604130138320673,0.012200467562828754,-0.48670368205727665,0.0
b_decision_curve,RandomForest,,,,,0.43,-0.035645257210823636,0.012854346317771834,-0.5127862027951233,0.0
b_decision_curve,RandomForest,,,,,0.44,-0.038034705407586744,0.011879539951573854,-0.5398002421307506,0.0
b_decision_curve,RandomForest,,,,,0.45,-0.037172573189522336,0.010721623009758605,-0.5677966101694916,0.0
b_decision_curve,RandomForest,,,,,0.46,-0.03426449047917973,0.010057020297133292,-0.5968298807281859,0.0
b_decision_curve,RandomForest,,,,,0.47,-0.037282805671037214,0.007695075151902782,-0.6269587464023025,0.0
b_decision_curve,RandomForest,,,,,0.48,-0.03688613646240765,0.007496740547588004,-0.6582464146023469,0.0
b_decision_curve,RandomForest,,,,,0.49,-0.03840561648388168,0.006300542815996455,-0.690761050182785,0.0
b_decision_curve,RandomForest,,,,,0.5,-0.037782485875706213,0.006709039548022599,-0.7245762711864407,0.0
b_decision_curve,RandomForest,,,,,0.51,-0.03884901418194396,0.005073215726968754,-0.7597717052922864,0.0
b_decision_curve,RandomForest,,,,,0.52,-0.03845927495291903,0.0017361111111111104,-0.7964336158192091,0.0
b_decision_curve,RandomForest,,,,,0.53,-0.036279901430460414,0.0021336699122490683,-0.8346556076451499,0.0
b_decision_curve,RandomForest,,,,,0.54,-0.03474269221321544,0.0010439695406534006,-0.874539425202653,0.0
b_decision_curve,RandomForest,,,,,0.55,-0.032956685499058405,0.0014908976773383537,-0.9161958568738233,0.0
b_decision_curve,RandomForest,,,,,0.56,-0.029661016949152554,0.00041730868002054126,-0.9597457627118646,0.0
b_decision_curve,RandomForest,,,,,0.57,-0.02932433320194457,-0.0005255551175929597,-1.005321245565629,0.0
b_decision_curve,RandomForest,,,,,0.58,-0.031006187785848828,-2.5089785867235176e-18,-1.0530669895076679,0.0
b_decision_curve,RandomForest,,,,,0.59,-0.026491663221716946,0.0007406641863028813,-1.1031417941298058,0.0
b_decision_curve,XGBoost,,,,,0.01,0.12900188323917136,0.12900188323917136,0.12900188323917136,0.0
b_decision_curve,XGBoost,,,,,0.02,0.12011414735385681,0.12138965755793843,0.12011414735385678,0.0
b_decision_curve,XGBoost,,,,,0.03,0.11104315918224707,0.11377337060982003,0.11104315918224707,0.0
b_decision_curve,XGBoost,,,,,0.04,0.10187146892655367,0.1074181967984934,0.10178319209039546,0.0
b_decision_curve,XGBoost,,,,,0.05,0.0926256318763009,0.10057983942908119,0.09232827832292595,0.0
b_decision_curve,XGBoost,,,,,0.06,0.08359628561125135,0.09427214809472292,0.08267219617742516,0.0
b_decision_curve,XGBoost,,,,,0.07,0.07434997873762227,0.08998921693700263,0.07280845635137598,0.0
b_decision_curve,XGBoost,,,,,0.08,0.06580078604765413,0.08614283959715058,0.06273028739867353,0.0
b_decision_curve,XGBoost,,,,,0.09,0.05697057180108028,0.08150959210281244,0.052430620227230385,0.0
b_decision_curve,XGBoost,,,,,0.1,0.04892498430634024,0.07784055241682361,0.041902071563088505,0.0
b_decision_curve,XGBoost,,,,,0.11,0.04065098711356567,0.07251793309210944,0.031136926299752413,0.0
b_decision_curve,XGBoost,,,,,0.12,0.03227722136620442,0.06933744221879816,0.020127118644067785,0.0
b_decision_curve,XGBoost,,,,,0.13,0.024936684200272733,0.06528833041106565,0.008864211961815693,0.0
b_decision_curve,XGBoost,,,,,0.14,0.017154447510182625,0.06381388779398238,-0.0026606227828143703,0.0
b_decision_curve,XGBoost,,,,,0.15,0.00874459953472912,0.059945164506480554,-0.01445663010967102,0.0
b_decision_curve,XGBoost,,,,,0.16,0.0010256927629809062,0.05851493139628733,-0.026533494753833764,0.0
b_decision_curve,XGBoost,,,,,0.17,-0.0063686951194609,0.0566290586073106,-0.03890136818460285,0.0
b_decision_curve,XGBoost,,,,,0.18,-0.012892724266225728,0.05333643378806669,-0.05157089706490292,0.0
b_decision_curve,XGBoost,,,,,0.19,-0.01971298040036269,0.05128339262049244,-0.06455325381879054,0.0
b_decision_curve,XGBoost,,,,,0.2,-0.02736581920903955,0.04731638418079096,-0.07786016949152547,0.0
b_decision_curve,XGBoost,,,,,0.21,-0.033487091468211425,0.04396409926339126,-0.09150396910534223,0.0
b_decision_curve,XGBoost,,,,,0.22,-0.040924235839490085,0.040951397942923365,-0.10549760973489788,0.0
b_decision_curve,XGBoost,,,,,0.23,-0.04745395847090764,0.040928351309707234,-0.1198547215496368,0.0
b_decision_curve,XGBoost,,,,,0.24,-0.05203687184061849,0.03865596193874517,-0.13458965209634258,0.0
b_decision_curve,XGBoost,,,,,0.25,-0.058145009416195846,0.03660546139359699,-0.14971751412429382,0.0
b_decision_curve,XGBoost,,,,,0.26,-0.06465681783478394,0.03190372575965796,-0.16525423728813562,0.0
b_decision_curve,XGBoost,,,,,0.27,-0.07024417614735705,0.028147008745453138,-0.1812166241003019,0.0
b_decision_curve,XGBoost,,,,,0.28,-0.07436833019460141,0.02669883866917765,-0.1976224105461394,0.0
b_decision_curve,XGBoost,,,,,0.29,-0.08220438449908492,0.024971154611283516,-0.2144903318214372,0.0
b_decision_curve,XGBoost,,,,,0.3,-0.08635996771589992,0.02315375302663439,-0.2318401937046005,0.0
b_decision_curve,XGBoost,,,,,0.31,-0.0913370998116761,0.019994063702611968,-0.24969295013510193,0.0
b_decision_curve,XGBoost,,,,,0.32,-0.09359421734795616,0.01958707211698238,-0.2680707876370888,0.0
b_decision_curve,XGBoost,,,,,0.33,-0.09677776372375413,0.016432667172611513,-0.28699721730331407,0.0
b_decision_curve,XGBoost,,,,,0.34,-0.10011128231467219,0.013963790446841285,-0.3064971751412431,0.0
b_decision_curve,XGBoost,,,,,0.35,-0.10389504563233383,0.013961321164710988,-0.32659713168187754,0.0
b_decision_curve,XGBoost,,,,,0.36,-0.10893361581920907,0.013241525423728808,-0.347325211864407,0.0
b_decision_curve,XGBoost,,,,,0.37,-0.11345395031835712,0.013261142498430635,-0.36871132633844506,0.0
b_decision_curve,XGBoost,,,,,0.38,-0.11725441953708764,0.013645890286130852,-0.3907873154729361,0.0
b_decision_curve,XGBoost,,,,,0.39,-0.12046170232471985,0.013771186440677966,-0.4135871075298695,0.0
b_decision_curve,XGBoost,,,,,0.4,-0.12205743879472696,0.010946327683615814,-0.43714689265536744,0.0
b_decision_curve,XGBoost,,,,,0.41,-0.12454514986115106,0.008995259982763567,-0.4615053145647804,0.0
b_decision_curve,XGBoost,,,,,0.42,-0.127958796025716,0.010093999610364302,-0.48670368205727665,0.0
b_decision_curve,XGBoost,,,,,0.43,-0.12994350282485873,0.01080384577262365,-0.5127862027951233,0.0
b_decision_curve,XGBoost,,,,,0.44,-0.13486178369652946,0.010441888619854726,-0.5398002421307506,0.0
b_decision_curve,XGBoost,,,,,0.45,-0.13568952234206472,0.009983307652799178,-0.5677966101694916,0.0
b_decision_curve,XGBoost,,,,,0.46,-0.1371887424147311,0.009651600753295669,-0.5968298807281859,0.0
b_decision_curve,XGBoost,,,,,0.47,-0.1411296770067157,0.009260739793199019,-0.6269587464023025,0.0
b_decision_curve,XGBoost,,,,,0.48,-0.13860821382007824,0.007985658409387222,-0.6582464146023469,0.0
b_decision_curve,XGBoost,,,,,0.49,-0.1353785864628337,0.007262933421956351,-0.690761050182785,0.0
b_decision_curve,XGBoost,,,,,0.5,-0.1338276836158192,0.0049435028248587575,-0.7245762711864407,0.0
b_decision_curve,XGBoost,,,,,0.51,-0.12941744494407934,0.004129194050501556,-0.7597717052922864,0.0
b_decision_curve,XGBoost,,,,,0.52,-0.1260593220338983,0.002677730696798493,-0.7964336158192091,0.0
b_decision_curve,XGBoost,,,,,0.53,-0.12348990263252797,0.0024041351123933164,-0.8346556076451499,0.0
b_decision_curve,XGBoost,,,,,0.54,-0.12452407270940806,0.00294767870302137,-0.874539425202653,0.0
b_decision_curve,XGBoost,,,,,0.55,-0.12413684871311993,0.0024325172630257365,-0.9161958568738233,0.0
b_decision_curve,XGBoost,,,,,0.56,-0.12361967128916282,0.002471751412429378,-0.9597457627118646,0.0
b_decision_curve,XGBoost,,,,,0.57,-0.13019806858494287,0.00413053475233215,-1.005321245565629,0.0
b_decision_curve,XGBoost,,,,,0.58,-0.1334913909066452,0.004321361312886737,-1.0530669895076679,0.0
b_decision_curve,XGBoost,,,,,0.59,-0.1322688438748794,0.0018085985944605212,-1.1031417941298058,0.0
