param_model__colsample_bytree,param_model__learning_rate,param_model__max_depth,param_model__n_estimators,param_model__subsample,mean_test_score,std_test_score,rank_test_score
0.8,0.01,3,700,0.8,0.7926127310027974,0.022780139639501068,1
0.8,0.01,3,500,0.8,0.7923378275171546,0.02264602596228891,2
1.0,0.01,3,700,0.8,0.791711633089524,0.023411136328686948,3
1.0,0.01,3,500,0.8,0.7912120293615118,0.023007751656956465,4
0.8,0.01,3,700,1.0,0.7910413659782326,0.022798723114808565,5
0.8,0.01,3,500,1.0,0.7909962933086486,0.022883052706727806,6
1.0,0.01,3,500,1.0,0.7903847246419897,0.02283474409351292,7
0.8,0.01,3,300,0.8,0.7898843778320292,0.022965004569952555,8
1.0,0.01,3,700,1.0,0.7894232866556139,0.022260885601522826,9
1.0,0.01,3,300,0.8,0.7889662305933618,0.02294983788316674,10
0.8,0.01,5,300,0.8,0.7883802038451531,0.02270309615527391,11
0.8,0.01,3,300,1.0,0.7880861370391925,0.023001731345259662,12
1.0,0.01,3,300,1.0,0.7871416544723643,0.022987583298206358,13
0.8,0.01,5,500,0.8,0.7867132419685292,0.02280456081894992,14
1.0,0.01,5,300,0.8,0.7862221713316402,0.022984760514306164,15
0.8,0.05,3,300,0.8,0.7854948677156524,0.023499666681523985,16
0.8,0.01,5,300,1.0,0.7845265850010315,0.022331381793030125,17
1.0,0.01,5,500,0.8,0.7845191913706746,0.022697407962548304,18
1.0,0.05,3,300,0.8,0.7837924595280092,0.025319359562979853,19
0.8,0.01,5,700,0.8,0.7835125257912263,0.0228281958838086,20
0.8,0.05,3,300,1.0,0.7833004138644369,0.024514098117723045,21
1.0,0.05,3,300,1.0,0.7829734333888922,0.024836021850464615,22
0.8,0.01,5,500,1.0,0.7828493568644778,0.021682166924924178,23
1.0,0.01,5,700,0.8,0.7819750320580561,0.022574865853197595,24
0.8,0.01,5,700,1.0,0.7803132268520259,0.02173507377404852,25
1.0,0.01,5,300,1.0,0.7798942928242979,0.023642258329259383,26
0.8,0.01,7,300,0.8,0.7789472746608829,0.022416592921009733,27
1.0,0.05,3,500,0.8,0.7777367293544275,0.023178710950448208,28
1.0,0.01,5,500,1.0,0.7775567139908012,0.02334638528391487,29
0.8,0.05,3,500,0.8,0.777208074971553,0.02245498613513448,30
1.0,0.01,7,300,0.8,0.7768260174026589,0.02257459789427267,31
0.8,0.01,7,500,0.8,0.7757032707257083,0.021688236413340438,32
0.8,0.05,3,500,1.0,0.7756179714332159,0.024804275133652607,33
1.0,0.01,5,700,1.0,0.7745205708993744,0.02295663220839364,34
1.0,0.05,3,500,1.0,0.773826213175225,0.02458652660361863,35
1.0,0.01,7,500,0.8,0.7737202049278208,0.019897741764878525,36
0.8,0.1,3,300,0.8,0.7728297095721445,0.025313661314910463,37
0.8,0.01,7,300,1.0,0.7726971041950994,0.02048555815474373,38
0.8,0.01,7,700,0.8,0.7723684125895207,0.019343488092824775,39
1.0,0.05,3,700,0.8,0.7717379225087763,0.02177480456874867,40
0.8,0.1,3,300,1.0,0.771551360942737,0.02418663110389042,41
0.8,0.05,3,700,0.8,0.7714567850262696,0.021745125259475473,42
1.0,0.1,3,300,0.8,0.7708341884890686,0.024676551395659246,43
1.0,0.01,7,700,0.8,0.7705176181810243,0.0190700936323815,44
1.0,0.1,3,300,1.0,0.7690915876419524,0.024610803327061406,45
0.8,0.05,5,300,1.0,0.768518395499725,0.02184563425690889,46
0.8,0.01,7,500,1.0,0.7679263068818413,0.01943585860932683,47
0.8,0.05,3,700,1.0,0.7678384344845319,0.02490056124687434,48
1.0,0.05,3,700,1.0,0.7676380959728597,0.024489708927185577,49
0.8,0.05,5,300,0.8,0.766404654316424,0.023986110254322224,50
1.0,0.01,7,300,1.0,0.7650924449051411,0.01799444269606952,51
0.8,0.01,7,700,1.0,0.7635561311238666,0.019375746870218685,52
1.0,0.05,5,300,0.8,0.7634761909229317,0.023264774973242412,53
1.0,0.05,5,300,1.0,0.7633430567818164,0.02457162455878999,54
1.0,0.01,7,500,1.0,0.7628152731004406,0.016731313146998356,55
0.8,0.1,3,500,0.8,0.7627965022950445,0.022427134163181952,56
1.0,0.1,3,500,0.8,0.7610126921329776,0.023557132450050467,57
0.8,0.1,3,500,1.0,0.7598945646635824,0.02392536823280529,58
1.0,0.01,7,700,1.0,0.7594830382234073,0.016367237103358193,59
0.8,0.05,7,300,0.8,0.7586978819050456,0.01963483698679572,60
1.0,0.1,3,500,1.0,0.757446745645694,0.024155998229101104,61
0.8,0.05,5,500,1.0,0.756621986602185,0.021257832639383235,62
1.0,0.05,7,300,0.8,0.7562260757531725,0.017857296498907684,63
0.8,0.05,5,500,0.8,0.7553789170471757,0.020642235992318427,64
1.0,0.05,5,500,0.8,0.7547688431809495,0.021758702407619183,65
0.8,0.1,5,300,0.8,0.754511744457404,0.019229560110374792,66
1.0,0.1,3,700,0.8,0.7544170066735347,0.021296946386407653,67
0.8,0.1,3,700,0.8,0.7534391411160007,0.02122385333424387,68
0.8,0.1,3,700,1.0,0.7530426631414397,0.025660423136118625,69
1.0,0.05,7,500,0.8,0.7528814492446442,0.016799663590449977,70
0.8,0.05,7,500,0.8,0.7527163197855327,0.017950790395341847,71
1.0,0.05,7,700,0.8,0.7521979909529233,0.016005162391063615,72
0.8,0.05,7,700,0.8,0.7509018383799819,0.01762518076971085,73
0.8,0.05,5,700,0.8,0.7504351533508621,0.019505783465636375,74
1.0,0.1,3,700,1.0,0.750157715621343,0.026261485146573612,75
1.0,0.05,5,700,0.8,0.7498013930130716,0.02072200379925308,76
1.0,0.05,5,500,1.0,0.7495757199569143,0.024352917031724108,77
0.8,0.1,7,300,0.8,0.7474692463799245,0.01743907171731015,78
0.8,0.05,7,300,1.0,0.74734371852217,0.019271497963213608,79
0.8,0.1,5,500,0.8,0.7468915576758803,0.017982674923288193,80
1.0,0.1,5,300,0.8,0.746560575910868,0.02044321821404227,81
1.0,0.1,7,300,0.8,0.7459938925668783,0.01593783702689931,82
0.8,0.05,5,700,1.0,0.7457300339265582,0.021165772559947033,83
0.8,0.1,7,500,0.8,0.7456547388635957,0.01746257760835976,84
0.8,0.1,5,300,1.0,0.7449978252441019,0.022938096854526094,85
1.0,0.1,7,500,0.8,0.7448340164603844,0.015618545608307685,86
0.8,0.1,7,700,0.8,0.7440664091794308,0.015402650055851877,87
1.0,0.05,7,300,1.0,0.7436266780208873,0.014177130346614587,88
1.0,0.1,5,300,1.0,0.7433790132866207,0.020447908341884615,89
0.8,0.1,5,700,0.8,0.7430042002030964,0.01660859132181291,90
1.0,0.1,7,700,0.8,0.7427072435569247,0.015863635284439223,91
1.0,0.1,5,500,0.8,0.7405843188299948,0.021412110834875264,92
1.0,0.05,5,700,1.0,0.7401853718191331,0.024315137507946442,93
0.8,0.05,7,500,1.0,0.7382464702799283,0.015892440643008418,94
1.0,0.1,5,700,0.8,0.7363240181702936,0.019991422359128142,95
0.8,0.1,7,700,1.0,0.7362524013695667,0.019098652483732895,96
0.8,0.1,7,500,1.0,0.7360213109928738,0.018070136336001026,97
0.8,0.1,7,300,1.0,0.7356477002191193,0.01672003495633309,98
0.8,0.1,5,500,1.0,0.7356410238235378,0.022804303109110063,99
0.8,0.05,7,700,1.0,0.7356016702052044,0.016488556124758188,100
1.0,0.05,7,500,1.0,0.735262487338874,0.013467920837290181,101
1.0,0.1,7,700,1.0,0.734315002018674,0.012947834672373558,102
0.8,0.1,5,700,1.0,0.7343125020157119,0.020368251267383907,103
1.0,0.1,7,300,1.0,0.7342843803051999,0.01615498770473993,104
1.0,0.05,7,700,1.0,0.7336055689828129,0.013421671435964217,105
1.0,0.1,7,500,1.0,0.7329597398603974,0.013217337624443215,106
1.0,0.1,5,500,1.0,0.7316305631604008,0.021516148807685407,107
1.0,0.1,5,700,1.0,0.7288323037431704,0.023152802843364562,108
